Method,Accuracy
Raw,0.8616612927990174
Scaled,0.8622754491017964
