Fold,Accuracy
1,0.8472168905950096
2,0.853358925143954
3,0.8556621880998081
4,0.8564023804952966
5,0.8640813975811096
