Model,Accuracy
Logistic Regression,0.8246583755565792
Random Forest,0.8642714570858283
